<?xml version="1.0" encoding="UTF-8"?>
<extension version="3.0" type="plugin" group="content" method="upgrade">

	<name>Content - Censored Word Filter</name>
	<author>Mohamed Zuraiman</author>
	<creationDate>April 2016</creationDate>
	<copyright>Copyright (C) 2016 SACS. All rights reserved.</copyright>
	<license>http://www.gnu.org/licenses/gpl-3.0.html</license>
	<authorEmail>zuraiman@gmail.com</authorEmail>
	<authorUrl>http://www.sacs-it.com/</authorUrl>
	<version>1.1.0</version>
	<description>
		<![CDATA[
		<p>This is a free plugin that will replace Censored Words with either a Badge or a user-defined HTML. Requires Joomla! 3.0 or greater. Do not forget to publish this plugin.</p>
		<p>You can use this plugin on commercial websites as well, but please leave the author links intact.</p>
		<b>For exceptions, add <i>&lt!-- {NoCensor} --&gt</i> in the <u><a href='http://localhost:81/joomla_school/administrator/index.php?option=com_content'>Content Artice.</a></u></b>
		]]>
	</description>
	
	<files>
		<filename plugin="censoredwordfilter">censoredwordfilter.php</filename>
		<filename>index.html</filename>
		<folder>language</folder>
	</files>
	
	<languages>
		<language tag="en-GB">language/en-GB/en-GB.plg_content_censoredwordfilter.ini</language>
	</languages>
	
	<config>
		<fields name="params">
			<fieldset name="basic">

				<field name="note1" type="note" class="alert alert-info" label="PLG_CONTENT_CENSOREDWORDFILTER_NOTE1_LABEL"
					   description="PLG_CONTENT_CENSOREDWORDFILTER_NOTE1_DESC"
				/>
				<field name="sensoredwords1" type="textarea" cols="30" rows="4"
					default="porn,sex"
					label="PLG_CONTENT_CENSOREDWORDFILTER_TEXTAREA_LABEL"
					description="PLG_CONTENT_CENSOREDWORDFILTER_TEXTAREA_DESC"
				/>
				<field name="phone_icon1disable" type="radio" default="1" label="PLG_CONTENT_CENSOREDWORDFILTER_RADIO_DISABLEPHONEICON_LABEL" description="PLG_CONTENT_CENSOREDWORDFILTER_RADIO_DISABLEPHONEICON_DESC">
					<option value="0">Hide</option>
					<option value="1">Show</option>
				</field>
				<field name="phone_icon1" type="list" default="icon-home" label="PLG_CONTENT_CENSOREDWORDFILTER_LIST_CENSOREDICON_LABEL" description="PLG_CONTENT_CENSOREDWORDFILTER_LIST_CENSOREDICON_DESC">
					<option value="icon-home">Home</option>
					<option value="icon-user">User</option>
					<option value="icon-plus">Plus</option>
					<option value="icon-play">Play</option>
					<option value="icon-arrow-right">Arrow Right</option>
					<option value="icon-thumbs-up">Thumbs Up</option>
					<option value="icon-star">Star</option>
					<option value="icon-help">Help</option>
					<option value="icon-address">Address</option>
					<option value="icon-mobile">Mobile</option>
					<option value="icon-support">Support</option>
					<option value="icon-warning">Warning</option>
					<option value="icon-briefcase">Briefcase</option>
					<option value="icon-checkmark">Checkmark</option>
					<option value="icon-lamp">Lamp</option>
					<option value="icon-bookmark">Bookmark</option>
					<option value="icon-remove">Remove</option>
					<option value="icon-vcard">VCard</option>
					<option value="icon-cart">Cart</option>
					<option value="icon-basket">Basket</option>
				</field>
				
				
				<field name="censored_type1" type="radio" default="0" label="PLG_CONTENT_CENSOREDWORDFILTER_RADIO_CENSOREDTYPE_LABEL" description="PLG_CONTENT_CENSOREDWORDFILTER_RADIO_CENSOREDTYPE_DESC">
					<option value="0">HTML</option>
					<option value="1">Badge</option>
				</field>
				
				
				<field name="badge_tag1" type="list" default="Default" label="PLG_CONTENT_CENSOREDWORDFILTER_LIST_CENSOREDBADGECOLOR_LABEL" description="PLG_CONTENT_CENSOREDWORDFILTER_LIST_CENSOREDBADGECOLOR_DESC">
					<option value="">Grey</option>
					<option value="badge-success">Green</option>
					<option value="badge-warning">Orange</option>
					<option value="badge-important">Red</option>
					<option value="badge-info">Blue</option>
					<option value="badge-inverse">Black</option>
				</field>
				<field name="badge_wordreplacement1" type="text"
					default="CENSORED BY ZUR!"
					label="PLG_CONTENT_CENSOREDWORDFILTER_BADGEWORD_LABEL"
					description="PLG_CONTENT_CENSOREDWORDFILTER_BADGEWORD_DESC"
				/>
				<field name="html_wordreplacement1" type="textarea" cols="30" rows="4"
					filter="raw"	
					default="&lt;font color='#ff0000'&gt;&lt;b&gt;&lt;i&gt;FILTHY WORD!&lt;/i&gt;&lt;/b&gt;&lt;/font&gt;"
					label="PLG_CONTENT_CENSOREDWORDFILTER_HTMLWORD_LABEL"
					description="PLG_CONTENT_CENSOREDWORDFILTER_HTMLWORD_DESC"
				/>
				<field name="note2" type="note" class="alert alert-info" label="PLG_CONTENT_CENSOREDWORDFILTER_NOTE2_LABEL"
					   description="PLG_CONTENT_CENSOREDWORDFILTER_NOTE2_DESC"
				/>
				<field name="phoneDigits1b" type="textarea" cols="30" rows="4"
					default="fuck,shit"
					label="PLG_CONTENT_CENSOREDWORDFILTER_TEXTAREA_LABEL"
					description="PLG_CONTENT_CENSOREDWORDFILTER_TEXTAREA_DESC"
				/>
				<field name="phone_icon2disable" type="radio" default="1" label="PLG_CONTENT_CENSOREDWORDFILTER_RADIO_DISABLEPHONEICON_LABEL" description="PLG_CONTENT_CENSOREDWORDFILTER_RADIO_DISABLEPHONEICON_DESC">
					<option value="0">Hide</option>
					<option value="1">Show</option>
				</field>			
				<field name="phone_icon2" type="list" default="icon-mobile" label="PLG_CONTENT_CENSOREDWORDFILTER_LIST_CENSOREDICON_LABEL" description="PLG_CONTENT_CENSOREDWORDFILTER_LIST_CENSOREDICON_DESC">
					<option value="icon-home">Home</option>
					<option value="icon-user">User</option>
					<option value="icon-plus">Plus</option>
					<option value="icon-play">Play</option>
					<option value="icon-arrow-right">Arrow Right</option>
					<option value="icon-thumbs-up">Thumbs Up</option>
					<option value="icon-star">Star</option>
					<option value="icon-help">Help</option>
					<option value="icon-address">Address</option>
					<option value="icon-mobile">Mobile</option>
					<option value="icon-support">Support</option>
					<option value="icon-warning">Warning</option>
					<option value="icon-briefcase">Briefcase</option>
					<option value="icon-checkmark">Checkmark</option>
					<option value="icon-lamp">Lamp</option>
					<option value="icon-bookmark">Bookmark</option>
					<option value="icon-remove">Remove</option>
					<option value="icon-vcard">VCard</option>
					<option value="icon-cart">Cart</option>
					<option value="icon-basket">Basket</option>
				</field>
				
				<field name="censored_type2" type="radio" default="1" label="PLG_CONTENT_CENSOREDWORDFILTER_RADIO_CENSOREDTYPE_LABEL" description="PLG_CONTENT_CENSOREDWORDFILTER_RADIO_CENSOREDTYPE_DESC">
					<option value="0">HTML</option>
					<option value="1">Badge</option>
				</field>
								
				<field name="badge_tag2" type="list" default="Default" label="PLG_CONTENT_CENSOREDWORDFILTER_LIST_CENSOREDBADGECOLOR_LABEL" description="PLG_CONTENT_CENSOREDWORDFILTER_LIST_CENSOREDBADGECOLOR_DESC">
					<option value="">Grey</option>
					<option value="badge-success">Green</option>
					<option value="badge-warning">Orange</option>
					<option value="badge-important">Red</option>
					<option value="badge-info">Blue</option>
					<option value="badge-inverse">Black</option>
				</field>
				<field name="badge_wordreplacement2" type="text"
					default="VULGARITY!"
					label="PLG_CONTENT_CENSOREDWORDFILTER_BADGEWORD_LABEL"
					description="PLG_CONTENT_CENSOREDWORDFILTER_BADGEWORD_DESC"
				/>
				<field name="html_wordreplacement2" type="textarea" cols="30" rows="4"
					filter="raw"
					default="&lt;s&gt;DIRTY WORD!&lt;/s&gt;"
					label="PLG_CONTENT_CENSOREDWORDFILTER_HTMLWORD_LABEL"
					description="PLG_CONTENT_CENSOREDWORDFILTER_HTMLWORD_DESC"
				/>
				<field type="spacer" name="spacer" hr="true" />

				<field name="note3" type="note" class="alert alert-error" close="true" label="PLG_CONTENT_CENSOREDWORDFILTER_NOTE3_LABEL"
					   description="PLG_CONTENT_CENSOREDWORDFILTER_NOTE3_DESC"
				/>

				<field name="allow_exceptions" type="radio" default="1" label="PLG_CONTENT_CENSOREDWORDFILTER_RADIO_EXCEPTIONS_LABEL" description="PLG_CONTENT_CENSOREDWORDFILTER_RADIO_EXCEPTIONS_DESC">
					<option value="0">No</option>
					<option value="1">Yes</option>        
				</field>

			</fieldset>
		</fields>
	</config>

</extension>
